{
  "mean_13": [
    947.3224487304688,
    943.35595703125,
    991.0753173828125,
    1034.512451171875,
    1289.21533203125,
    1679.7705078125,
    1868.508544921875,
    1999.057861328125,
    2105.07958984375,
    2118.648681640625,
    2425.5341796875,
    1711.911376953125,
    0.5903928875923157
  ],
  "std_13": [
    468.14471435546875,
    445.63189697265625,
    391.69952392578125,
    385.6427001953125,
    363.4051513671875,
    337.858154296875,
    364.00286865234375,
    400.226806640625,
    402.9391174316406,
    388.1490783691406,
    874.828369140625,
    821.8861083984375,
    1.3752089738845825
  ]
}